model,params,MAE_pct,MAE_std,RMSE_pct,MAE_vs_raw_pct,skill_vs_persistence,MASE_train,lr_mode
MQAttn-QLSTM-VQR,988,0.3967763,0.10378454,0.5118045,0.6314697,0.2824309,0.7149738048278371,0.003
MQAttn-QLSTM-VQR classical twin,988,0.3976884,0.1024437,0.507096,0.6292589,0.28089267,0.71390303997821,0.01
QLSTM,545,0.4110356,0.10227443,0.5254552,0.64208794,0.25686723,0.7411113542806183,0.01
Seq2Seq,33345,0.4293608,0.102483764,0.55591786,0.6504851,0.22435004,0.771054754652065,0.01
MQAttn-LSTM-VQR classical twin,956,0.47802114,0.10857613,0.6330917,0.6803805,0.13634038,0.8538468109320398,0.01
MQAttn-LSTM-VQR,956,0.5518916,0.18150738,0.71764714,0.7611542,0.00503546,0.9925765839096072,0.01
Persistence,0,0.55326337,0.08483458,0.686172,0.70961297,0.0,0.9897314714270408,
LSTM,981,0.71743006,0.35187545,0.8817052,0.88958323,-0.30158997,1.299304917288001,0.01
GRU,985,0.77346617,0.3853544,1.0771763,0.9453724,-0.3980794,1.369818647182521,0.01
MLP,953,2.0659864,0.31947204,2.8163571,2.1401799,-2.732946,3.670756042439465,0.01
