fold,training,condition,MAE,persistence
4,simulator gradients,no noise,0.0046799713745713,0.0061219548806548
4,simulator gradients,4096 shots,0.0046507692895829,0.0061219548806548
4,simulator gradients,1024 shots,0.0047557721845805,0.0061219548806548
4,simulator gradients,256 shots,0.004665354732424,0.0061219548806548
4,simulator gradients,depolarising p2=1e-3,0.0046648066490888,0.0061219548806548
4,simulator gradients,depolarising p2=1e-2,0.0048779686912894,0.0061219548806548
4,simulator gradients,depolarising p2=3e-2,0.0066892728209495,0.0061219548806548
4,simulator gradients,depolarising p2=1e-1,0.0137181133031845,0.0061219548806548
4,simulator gradients,"preset noise, 4096 shots",0.0047098682262003,0.0061219548806548
4,simulator gradients,"preset noise, 4096 shots, readout correction",0.0046805730089545,0.0061219548806548
4,"parameter shift, 1024 shots",1024 shots,0.0047223786823451,0.0061219548806548
4,"parameter shift, 1024 shots",no noise,0.0047073126770555,0.0061219548806548
