training,condition,MAE_pct,MAE_std,persistence_pct,skill_vs_persistence
simulator gradients,no noise,0.2538552740588784,,0.4236845765262842,0.4008390011734828
simulator gradients,4096 shots,0.2509876387193799,,0.4236845765262842,0.40760732718386
simulator gradients,1024 shots,0.2606036374345422,,0.4236845765262842,0.3849112007541415
simulator gradients,256 shots,0.274548283778131,,0.4236845765262842,0.3519983993066153
simulator gradients,depolarising p2=1e-3,0.2575550461187958,,0.4236845765262842,0.3921066274575188
simulator gradients,depolarising p2=1e-2,0.3067002398893237,,0.4236845765262842,0.2761118603752222
simulator gradients,depolarising p2=3e-2,0.4415169823914766,,0.4236845765262842,-0.0420888718947412
simulator gradients,depolarising p2=1e-1,0.718014920130372,,0.4236845765262842,-0.6946921363464558
simulator gradients,"preset noise, 4096 shots",0.2719348995015025,,0.4236845765262842,0.3581666301590461
simulator gradients,"preset noise, 4096 shots, readout correction",0.2637685509398579,,0.4236845765262842,0.3774412250206269
"parameter shift, 1024 shots",1024 shots,0.244193454273045,,0.4236845765262842,0.4236432766206773
"parameter shift, 1024 shots",no noise,0.2503152703866362,,0.4236845765262842,0.4091942821262756
